COD,DPTO,CADENA,SALA
101797,1 - La Paz,Andys,ANDYS SAN MIGUEL
127814,1 - La Paz,Andys,ANDYS ACHUMANI
129024,1 - La Paz,Andys,ANDYS OBRAJES
166151,1 - La Paz,Andys,SUPERMERCADO HOME CENTER ANDYS
104835,1 - La Paz,DELICOR,DE LICOR
147109,1 - La Paz,DELICOR,DE LICOR SAN MIGUEL
153493,1 - La Paz,DELICOR,DE LICOR PLAZA ABAROA
155081,1 - La Paz,DELICOR,DE LICOR ACHUMANI
166022,1 - La Paz,DISMAC,DISMAC
147675,1 - La Paz,Farmacia Chavez,FARMACIA CHAVEZ S.A.
158016,1 - La Paz,Farmacia Hipermaxi,FARMACIA HIPERMAXI ACHUMANI
158017,1 - La Paz,Farmacia Hipermaxi,FARMACIA HIPERMAXI OBRAJES
158018,1 - La Paz,Farmacia Hipermaxi,FARMACIA HIPERMAXI CALACOTO
158019,1 - La Paz,Farmacia Hipermaxi,FARMACIA HIPERMAXI LOS PINOS
158020,1 - La Paz,Farmacia Hipermaxi,FARMACIA HIPERMAXI SATELITE
158021,1 - La Paz,Farmacia Hipermaxi,FARMACIA HIPERMAXI COTA COTA
158022,1 - La Paz,Farmacia Hipermaxi,FARMACIA HIPERMAXI COSTANERA
158023,1 - La Paz,Farmacia Hipermaxi,FARMACIA HIPERMAXI 20 DE OCTUBRE
139042,1 - La Paz,Farmacias Catedral,FARMACIAS CATEDRAL
167406,1 - La Paz,Farmacias Edisa,FARMACIAS EDISA S.R.L.
142563,1 - La Paz,FARMACORP,FARMACORP S.A. CENTRAL
167424,1 - La Paz,FARMACOSTO,FARMACIAS FARMACOSTO
167391,1 - La Paz,FARMAELIAS,FARMAELIAS CALACOTO
167392,1 - La Paz,FARMAELIAS,FARMAELIAS CENTRAL
167426,1 - La Paz,FARMAELIAS,FARMAELIAS ORURO PLAZA PRINCIPAL
167405,1 - La Paz,FARMAKOS,FARMACIA FARMAKOS ALTO OBRAJES
108313,1 - La Paz,Fidalga-Rosario,FIDALGA AVAROA
101390,1 - La Paz,Hipermaxi,HIPERMAXI CALACOTO
101391,1 - La Paz,Hipermaxi,HIPERMAXI MIRAFLORES
107949,1 - La Paz,Hipermaxi,HIPERMAXI SOPOCACHI
110958,1 - La Paz,Hipermaxi,HIPERMAXI LOS PINOS
123778,1 - La Paz,Hipermaxi,HIPERMAXI SATELITE
128329,1 - La Paz,Hipermaxi,HIPERMAXI ACHUMANI
128526,1 - La Paz,Hipermaxi,HIPERMAXI OBRAJES
144404,1 - La Paz,Hipermaxi,HIPERMAXI SA TORRES DEL POETA
145339,1 - La Paz,Hipermaxi,HIPERMAXI SA SUC RIO SECO
155037,1 - La Paz,Hipermaxi,HIPERMAXI COTA COTA
159689,1 - La Paz,Illimarket,MICRO MARKET ILLIMARKET
105610,1 - La Paz,Juan del Sur,MICROMARKET MILENIUM
105612,1 - La Paz,Juan del Sur,ALMACEN JUAN DEL SUR
110640,1 - La Paz,Juan del Sur,SURCO ZEGARRA JUAN MANUEL
142188,1 - La Paz,Juan del Sur,CLAUDIA MARGOT QUISPE CHOQUE JUAN DEL SUR SUC. IRPAVI
145324,1 - La Paz,Juan del Sur,ROBERT SURCO ZEGARRA
155080,1 - La Paz,Juan del Sur,WILMA MIRIAM SURCO ZEGARRA
155390,1 - La Paz,Juan del Sur,CLAUDIA MARGOT QUISPE CHOQUE
155438,1 - La Paz,Juan del Sur,JUAN DEL SUR ACHUMANI
155439,1 - La Paz,Juan del Sur,JUAN DEL SUR COTA COTA
155590,1 - La Paz,Juan del Sur,CAMILA NICOL CHIPANA SURCO
157371,1 - La Paz,Juan del Sur,JHONATAN CALEB SURCO DELGADO
101392,1 - La Paz,Ketal,KETAL ARCE
101393,1 - La Paz,Ketal,KETAL 15
101776,1 - La Paz,Ketal,KETAL 21
102445,1 - La Paz,Ketal,KETAL MIRAFLORES
110650,1 - La Paz,Ketal,KETAL IRPAVI
120631,1 - La Paz,Ketal,KETAL SAN PEDRO
127310,1 - La Paz,Ketal,KETAL ACHUMANI
129467,1 - La Paz,Ketal,CENTRO DE ABASTECIMIENTO KETAL
166009,1 - La Paz,Makro-Abasto,SUPERMERCADO MAKRO ABASTO VITA
166103,1 - La Paz,Makro-Abasto,SUPERMERCADO MAKRO ABASTO FARO MURILLO
166104,1 - La Paz,Makro-Abasto,SUPERMERCADO MAKRO ABASTO TELEFERICO MORADO
166046,1 - La Paz,Makro-Abasto,JACHA MACROCENTER SRL
149034,1 - La Paz,MISUPER,MISUPER S.R.L.
158201,1 - La Paz,MULTICENTER,MULTICENTER SRL
157377,1 - La Paz,Otros,QUALITY FOOD FLORES & ROBLES S.R.L.
102242,1 - La Paz,Otros,REPOSTERIA PIGALLE
114099,1 - La Paz,Otros,HELADERIA FLAVOR BURST
128671,1 - La Paz,Otros,CAFE TGF
128893,1 - La Paz,Otros,DEARMIDA PINTO MAMANI
142301,1 - La Paz,Otros,PASTELERIA MICHELLINE
143300,1 - La Paz,Otros,PULPERIA F.D.T.E.U.L.P.
144960,1 - La Paz,Otros,CLIENTE EVENTUAL 734
144962,1 - La Paz,Otros,CLIENTE EVENTUAL 732
159772,1 - La Paz,Otros,CHOCOLATERIA CHOCOPOP
166025,1 - La Paz,Otros,PIZZERIA NEWYORK
158115,1 - La Paz,Otros,NEWYORK PIZZA S.R.L
135632,1 - La Paz,Otros,JHOEL LLIULLY YUJRA
167421,1 - La Paz,Otros,RESTAURANT SILLPICHS
159524,1 - La Paz,Tienda Amiga,TIENDA AMIGA TORRES MALL
166212,1 - La Paz,XPRESSMARKET,SUPERMERCADO XPRESSMARKET O&P ESTACION CENTRAL
162111,1 - La Paz,XPRESSMARKET,SUPERMERCADO XPRESSMARKET O&P SAN MIGUEL
166213,1 - La Paz,XPRESSMARKET,SUPERMERCADO XPRESSMARKET O&P SATELITE
166119,1 - La Paz,Zumarket,SUPERMERCADO ZUMARKET
251137,2 - Santa Cruz,Acricolor,ACRICOLOR ARTE SRL
200089,2 - Santa Cruz,Brands,BRANDS SOCIEDAD DE RESPONSABILIDAD LIMITADA
274662,2 - Santa Cruz,CAMSA,CAMSA INDUSTRIA Y COMERCIO S.A.
216708,2 - Santa Cruz,DELICOR,DELICOR CENTRAL
240522,2 - Santa Cruz,DELICOR,DELICOR VELARDE
252372,2 - Santa Cruz,DELICOR,DELICOR BANZER
286024,2 - Santa Cruz,DELICOR,DELICOR REMANSO
235746,2 - Santa Cruz,DISMAC,DISMATEC S.A.
255733,2 - Santa Cruz,Farmacia Chavez,FARMACIA CHAVEZ CENTRAL
202946,2 - Santa Cruz,Farmacia Hipermaxi,FARMACIAS HIPERMAXI
273216,2 - Santa Cruz,Farmacias Dockweiler,FARMACIA DOCKWEILER
203238,2 - Santa Cruz,Farmacias Okinawa,FARMACIA OKINAWA S.R.L.
210273,2 - Santa Cruz,FARMACORP,FARMACORP
210738,2 - Santa Cruz,Fidalga-Meger,HAMACAS FIDALGA
218918,2 - Santa Cruz,Fidalga-Meger,SHOPPING NORTE FIDALGA
227769,2 - Santa Cruz,Fidalga-Meger,COTOCA FIDALGA
236768,2 - Santa Cruz,Fidalga-Meger,LA SALLE FIDALGA
261375,2 - Santa Cruz,Fidalga-Meger,BENI FIDALGA 5TO ANILLO
290627,2 - Santa Cruz,Fidalga-Meger,MACRO FIDALGA LTDA.
210003,2 - Santa Cruz,Fidalga-Rosario,SUPERMERCADOS FIDALGA S.A.
210005,2 - Santa Cruz,Fidalga-Rosario,SUPER SUR FIDALGA S.R.L.
210736,2 - Santa Cruz,Fidalga-Rosario,EKKO FIDALGA
213882,2 - Santa Cruz,Fidalga-Rosario,TROMPILLO FIDALGA
218859,2 - Santa Cruz,Fidalga-Rosario,EQUIPETROL FIDALGA
229113,2 - Santa Cruz,Fidalga-Rosario,SUPER URUBO FIDALGA
264662,2 - Santa Cruz,Fidalga-Rosario,FIDASUR S.R.L. SEVILLA LOS BOSQUES
264664,2 - Santa Cruz,Fidalga-Rosario,FIDASUR S.R.L. BENI
264691,2 - Santa Cruz,Fidalga-Rosario,FIDASUR S.R.L. TERRAZAS II
264692,2 - Santa Cruz,Fidalga-Rosario,FIDASUR S.R.L. RIVIERA I
264693,2 - Santa Cruz,Fidalga-Rosario,FIDASUR S.R.L. RIVIERA II
264694,2 - Santa Cruz,Fidalga-Rosario,FIDASUR S.R.L. URUBO II
264695,2 - Santa Cruz,Fidalga-Rosario,FIDASUR S.R.L. SEVILLA PINATAR
264696,2 - Santa Cruz,Fidalga-Rosario,FIDASUR S.R.L. STRIPMALL
268197,2 - Santa Cruz,Fidalga-Rosario,FIDASUR S.R.L. LOS JARDINES
268198,2 - Santa Cruz,Fidalga-Rosario,MIA PLAZA
210002,2 - Santa Cruz,Hipermaxi,HIPERMAXI NORTE S.A.
210937,2 - Santa Cruz,Hipermaxi,HIPERMAXI SUR S.A.
210938,2 - Santa Cruz,Hipermaxi,HIPERMAXI FLORIDA S.A.
215479,2 - Santa Cruz,Hipermaxi,HIPERMAXI LAS PALMAS S.A.
217550,2 - Santa Cruz,Hipermaxi,HIPERMAXI TRES PASOS AL FRENTE
218310,2 - Santa Cruz,Hipermaxi,HIPERMAXI PAMPA DE LA ISLA
218876,2 - Santa Cruz,Hipermaxi,HIPERMAXI SUPER CENTER
222425,2 - Santa Cruz,Hipermaxi,HIPERMAXI RADIAL 26
223109,2 - Santa Cruz,Hipermaxi,HIPERMAXI BENI
223987,2 - Santa Cruz,Hipermaxi,HIPERMAXI VILLA
226472,2 - Santa Cruz,Hipermaxi,HIPERMAXI PIRAI
227177,2 - Santa Cruz,Hipermaxi,HIPERMAXI CANOTO
227809,2 - Santa Cruz,Hipermaxi,HIPERMAXI ROCA Y CORONADO
229668,2 - Santa Cruz,Hipermaxi,HIPERMAXI BLACUTT
230193,2 - Santa Cruz,Hipermaxi,HIPERMAXI PLAN 3000
231521,2 - Santa Cruz,Hipermaxi,HIPERMAXI LAS BRISAS
232528,2 - Santa Cruz,Hipermaxi,HIPERMAXI MONTERO
233802,2 - Santa Cruz,Hipermaxi,HIPERMAXI EQUIPETROL
250091,2 - Santa Cruz,Hipermaxi,HIPERMAXI MUTUALISTA
273875,2 - Santa Cruz,Hipermaxi,HIPERMAXI CAMBODROMO
278752,2 - Santa Cruz,Hipermaxi,HIPERMAXI DOBLE VIA LA GUARDIA KM13
291147,2 - Santa Cruz,Hipermaxi,HIPERMAXI CENTRO S.A.
219069,2 - Santa Cruz,Ic Norte,IC NORTE
246162,2 - Santa Cruz,Makro,MAKRO PARQUE 4TO ANILLO
253265,2 - Santa Cruz,Makro,COMERCIALIZADORA MAYORISTA Y DISTRIBUIDORA K1KULJIS S.R.L.
268496,2 - Santa Cruz,Makro,MAKRO MAYORISTA
271060,2 - Santa Cruz,Mercagusto,MERCAGUSTO S.R.L.
210940,2 - Santa Cruz,MULTICENTER,MULTI CENTER NORTE
213883,2 - Santa Cruz,MULTICENTER,MULTI CENTER SUR
232421,2 - Santa Cruz,MULTICENTER,MULTICENTER OESTE
230060,2 - Santa Cruz,Otros,TATIANA PINTO GUTIERREZ
284469,2 - Santa Cruz,Otros,TIENDAS MAESTRO SA
252084,2 - Santa Cruz,Otros,KATIA RIBERA APONTE
266464,2 - Santa Cruz,Otros,SAUCEDO MOTORS S.R.L.
270299,2 - Santa Cruz,Otros,UNIBIENES SEGUROS Y REASEGUROS PATRIMONIALES S.A.
245608,2 - Santa Cruz,ROHO,ROHO
284250,2 - Santa Cruz,Super Mixtura,SUPERMERCADOS MIXTURA SRL
243887,2 - Santa Cruz,TA DA,TA DA REMANSO
286329,2 - Santa Cruz,Tailoy,TAILOY SA BANZER STRIP
287223,2 - Santa Cruz,Tailoy,TAILOY SA GRIGOTA
287224,2 - Santa Cruz,Tailoy,TAILOY SA BANZER TIENDAS NUR
223438,2 - Santa Cruz,Tia,SUPERMERCADO TIA 24 DE SEPTIEMBRE
230553,2 - Santa Cruz,Tia,SUPERMERCADO TIA ALEMANA
231537,2 - Santa Cruz,Tia,SUPERMERCADO TIA VENTURA
261619,2 - Santa Cruz,Tia,TIA COTOCA
200166,2 - Santa Cruz,Tia,SUPERMERCADOS TIA BENI
232604,2 - Santa Cruz,Tienda Amiga,TIENDA AMIGA ER S.A.
281066,2 - Santa Cruz,TRESBE,TIENDAS TRESBE S.A.
311572,3 - Cochabamba,Abdias,ABDIAS LOPEZ
344882,3 - Cochabamba,CREX,COMERCIAL CREX S.R.L
353997,3 - Cochabamba,DISMAC,DISMAC
322271,3 - Cochabamba,Farmacia Chavez,FARMACIA CHAVEZ(PLZ CALA CALA)
322272,3 - Cochabamba,Farmacia Chavez,FARMACIA CHAVEZ(BEIGING)
322273,3 - Cochabamba,Farmacia Chavez,FARMACIA CHAVEZ(SUECIA)
322284,3 - Cochabamba,Farmacia Chavez,FARMACIA CHAVEZ(PANAMERICANA)
350678,3 - Cochabamba,Farmacia Hipermaxi,HIPERMAXI FARMACIA SACABA
350680,3 - Cochabamba,Farmacia Hipermaxi,HIPERMAXI FARMACIA JUAN DE LA ROSA
350681,3 - Cochabamba,Farmacia Hipermaxi,HIPERMAXI FARMACIA BLANCO GALINDO
350682,3 - Cochabamba,Farmacia Hipermaxi,HIPERMAXI FARMACIA CIRCUNVALACION
350683,3 - Cochabamba,Farmacia Hipermaxi,HIPERMAXI FARMACIA PRADO
350684,3 - Cochabamba,Farmacia Hipermaxi,HIPERMAXI FARMACIA SOFFER
359208,3 - Cochabamba,Farmacia Hipermaxi,HIPERMAXI FARMACIA PANAMERICANA
358427,3 - Cochabamba,FARMACIA ZURICH,SONIA BLANCA MERIDA NOGALES
328185,3 - Cochabamba,FARMACORP,FARMACORP BODEGA
357594,3 - Cochabamba,FARMAELIAS,FARMACIA SAN ELIAS S.R.L.
357596,3 - Cochabamba,FARMAELIAS,FARMAELIAS AMERICA OESTE
357597,3 - Cochabamba,FARMAELIAS,FARMAELIAS AMERICA Y TARIJA
357599,3 - Cochabamba,FARMAELIAS,FARMAELIAS AMERICA ESTE
357600,3 - Cochabamba,FARMAELIAS,FARMAELIAS AV.SEGUNDA
357602,3 - Cochabamba,FARMAELIAS,FARMAELIAS BELZU
357604,3 - Cochabamba,FARMAELIAS,FARMAELIAS CALA CALA
357608,3 - Cochabamba,FARMAELIAS,FARMAELIAS ECOLOGICA
357609,3 - Cochabamba,FARMAELIAS,FARMAELIAS HIPODROMO
357612,3 - Cochabamba,FARMAELIAS,FARMAELIAS MELCHOR
357617,3 - Cochabamba,FARMAELIAS,FARMAELIAS PRADO
357621,3 - Cochabamba,FARMAELIAS,FARMAELIAS RECOLETA
357622,3 - Cochabamba,FARMAELIAS,FARMAELIAS SIMON LOPEZ
357623,3 - Cochabamba,FARMAELIAS,FARMAELIAS TARIJA
357625,3 - Cochabamba,FARMAELIAS,FARMAELIAS VILLAZON
353256,3 - Cochabamba,FARMAELIAS,FARMAELIAS S.R.L.
357603,3 - Cochabamba,FARMAELIAS,FARMAELIAS BLANCO GALINDO
307510,3 - Cochabamba,Hipermaxi,SPM. HIPERMAXI S.A.-B. GALINDO
307894,3 - Cochabamba,Hipermaxi,SPM.HIPERMAXI S.A.-OQUENDO
315042,3 - Cochabamba,Hipermaxi,SPM.HIPERMAXI S.A.- JUAN DE LA ROSA
319092,3 - Cochabamba,Hipermaxi,HIPERMAXI - PRADO
324070,3 - Cochabamba,Hipermaxi,HIPERMAXI - SACABA
329473,3 - Cochabamba,Hipermaxi,HIPERMAXI S.A. TEMPORAL
358995,3 - Cochabamba,Hipermaxi,HIPERMAXI PANAMERICANA
338705,3 - Cochabamba,Homestore,HOMESTORE S R L
302166,3 - Cochabamba,Ic Norte,SPM.IC NORTE S.A.-HIPODROMO
305717,3 - Cochabamba,Ic Norte,SPM.IC NORTE S.A.-AMERICA
351027,3 - Cochabamba,MULTICENTER,MULTICERNTER UYUNI
351030,3 - Cochabamba,MULTICENTER,MULTICERNTER BEIGING
328486,3 - Cochabamba,Otros,VINOS Y PIQUEOS
306021,3 - Cochabamba,Super America,SUPERMERCADO AMERICA SRL
345163,3 - Cochabamba,WILLGREEN,WILLGREEN S.R.L.
149261,1 - La Paz,FARMACIA GRAN MAESTRO,FARMACIA GRAN MAESTRO
357613,3 - Cochabamba,FARMAELIAS,FARMAELIAS PANAMERICANA
357619,3 - Cochabamba,FARMAELIAS,FARMAELIAS QUILLACOLLO
357630,3 - Cochabamba,FARMAELIAS,FARMAELIAS CIRCUNVALACION ESTE
360370,3 - Cochabamba,EMAPA,EMAPA CENTRAL HAMIRAYA
360371,3 - Cochabamba,EMAPA,EMAPA BLANCO GALINDO
360372,3 - Cochabamba,EMAPA,EMAPA ZONA SUD SIGLO XX
360373,3 - Cochabamba,EMAPA,EMAPA ZONA SUD AVENIDA 6 DE AGOSTO
360374,3 - Cochabamba,EMAPA,EMAPA TIQUIPAYA
360375,3 - Cochabamba,EMAPA,EMAPA QUILLACOLLO
360382,3 - Cochabamba,EMAPA,EMAPA PETROLERA
360381,3 - Cochabamba,EMAPA,EMAPA HIPODROMO
360939,3 - Cochabamba,SOFIA AL PASO,SOFIA AL PASO AGENCIA JUAN DE LA ROSA
360938,3 - Cochabamba,SOFIA AL PASO,SOFIA AL PASO AGENCIA VILLALOBOS
360937,3 - Cochabamba,SOFIA AL PASO,SOFIA AL PASO AGENCIA AV. AMÉRICA
360942,3 - Cochabamba,SOFIA AL PASO,SOFIA AL PASO AGENCIA BLANCO GALINDO
167480,1 - La Paz,Farmacia Divina Misericordia,FARMACIAS DIVINA MISERICORDIA
108474,1 - La Paz,Farmacia Juarez,FARMACIA JUAREZ I LINA CAROLA FLORES MACHICADO
167504,1 - La Paz,Zumarket,SUPERMERCADO ZUMARKET MIRAFLORES
361485,3 - Cochabamba,Farmacia Hipermaxi,HIPERMAXI FARMACIA BEIJING
167506,1 - La Paz,FARMAELIAS,FARMAELIAS S.R.L.
167507,1 - La Paz,XPRESSMARKET,SUPERMERCADO XPRESSMARKET O&P ACHUMANI
362141,3 - Cochabamba,SOFIA AL PASO,SOFIA AL PASO SUCURSAL BATEON
168674,1 - La Paz,Farmacias Moises,FARMACIAS MOISES 2
169007,1 - La Paz,Farmacia Juarez,FARMACIA JUAREZ COTA COTA
2001404,2 - Santa Cruz,SOFIA AL PASO,SOFIA AL PASO BANZER 4TO Y 5TO ANILLO
2001408,2 - Santa Cruz,SOFIA AL PASO,SOFIA AL PASO ALEMANIA
2001410,2 - Santa Cruz,SOFIA AL PASO,SOFIA AL PASO BANZER 7MO ANILLO
2001413,2 - Santa Cruz,SOFIA AL PASO,SOFIA AL PASO ALEMANA 5TO ANILLO
2001417,2 - Santa Cruz,SOFIA AL PASO,SOFIA AL PASO RADIAL 27
2001449,2 - Santa Cruz,SOFIA AL PASO,SOFIA AL PASO PROLONGACION BENI
169277,1 - La Paz,SOFIA AL PASO,SOFIA LA PASO VILLA FATIMA
169278,1 - La Paz,SOFIA AL PASO,SOFIA AL PASO CALACOTO
169280,1 - La Paz,SOFIA AL PASO,SOFIA AL PASO JAIMES FREYRE
169282,1 - La Paz,SOFIA AL PASO,SOFIA AL PASO OBRAJES
169283,1 - La Paz,SOFIA AL PASO,SOFIA AL PASO SATELITE
169285,1 - La Paz,SOFIA AL PASO,SOFIA AL PASO SAN PEDRO
169286,1 - La Paz,SOFIA AL PASO,SOFIA AL PASO MALLASA
169287,1 - La Paz,SOFIA AL PASO,SOFIA AL PASO SOPOCACHI
169288,1 - La Paz,SOFIA AL PASO,SOFIA AL PASO COTA COTA
169289,1 - La Paz,SOFIA AL PASO,SOFIA AL PASO LOAYZA
169290,1 - La Paz,SOFIA AL PASO,SOFIA AL PASO ACHUMANI
2001446,2 - Santa Cruz,SOFIA AL PASO,SOFIA AL PASO GRIGOTA
160048,1 - La Paz,Micromarket 24/7,MIGUEL ANGEL ALCON
169364,1 - La Paz,SOFIA AL PASO,SOFIA AL PASO IRPAVI
2001447,2 - Santa Cruz,SOFIA AL PASO,SOFIA AL PASO PARQUE INDUSTRIAL
2001450,2 - Santa Cruz,SOFIA AL PASO,SOFIA AL PASO ARGENTINA
2001451,2 - Santa Cruz,SOFIA AL PASO,SOFIA AL PASO RADIAL 17 1/2
2001452,2 - Santa Cruz,SOFIA AL PASO,SOFIA AL PASO SANTOS DUMONT
169525,1 - La Paz,Farmacia Renacer,FARMACIA HIPERMAXI RENACER
2001407,2 - Santa Cruz,SOFIA AL PASO,SOFIA AL PASO MONTERO
2001409,2 - Santa Cruz,SOFIA AL PASO,SOFIA AL PASO URUBO
2001411,2 - Santa Cruz,SOFIA AL PASO,SOFIA AL PASO SEVILLA NORTE
2001419,2 - Santa Cruz,SOFIA AL PASO,SOFIA AL PASO EL PORTAL URUBO
2001453,2 - Santa Cruz,SOFIA AL PASO,SOFIA AL PASO CONAVI
2001454,2 - Santa Cruz,SOFIA AL PASO,SOFIA AL PASO ROCA Y CORONADO
2001455,2 - Santa Cruz,SOFIA AL PASO,SOFIA AL PASO BUSCH
2001456,2 - Santa Cruz,SOFIA AL PASO,SOFIA AL PASO VIRGEN DE COTOCA
2001457,2 - Santa Cruz,SOFIA AL PASO,SOFIA AL PASO LA CHONTA
322043,3 - Cochabamba,SOFIA AL PASO,GRANJA AVICOLA INTEGRAL SOFIA LTDA.
169861,1 - La Paz,Dermafarma,FARMACIA DERMAFARMA TELEFERICO ROJO
170110,1 - La Paz,Andys,MICROMARKET YAM YAM CALLE POTOSI
166192,1 - La Paz,Pedidos Ya,PEDIDOSYA SERVICIOS S.A.
356758,3 - Cochabamba,Pedidos Ya,PEDIDOSYA SERVICIOS S.A. CBA
170010,1 - La Paz,Andys,MICROMARKET YAM YAM SOPOCACHI
200345,2 - Santa Cruz,Pedidos Ya,PEDIDOSYA SERVICIOS S.A. SCZ NORTE
200346,2 - Santa Cruz,Pedidos Ya,PEDIDOSYA SERVICIOS S.A. SCZ EQUIPETROL
200347,2 - Santa Cruz,Pedidos Ya,PEDIDOSYA SERVICIOS S.A. SCZ SUR
170394,1 - La Paz,Juan del Sur,MICROMARKET JUAN DE SUR LAS LOMAS ACHUMANI
238174,2 - Santa Cruz,Farmacia Hipermaxi,FARMACIA HIPERMAXI CENTENARIO
223176,2 - Santa Cruz,Farmacia Hipermaxi,FARMACIA HIPERMAXI ESPAÑA
142544,1 - La Paz,Mikromarket Aquí,ELSA MENDOZA PATZI
170853,1 - La Paz,Mikromarket Aquí,MICROMARKET AQUI
170639,1 - La Paz,Hipermaxi,HIPERMAXI IRPAVI
171144,1 - La Paz,XPRESSMARKET,SUPERMERCADO XPRESSMARKET SAN PEDRO
365014,3 - Cochabamba,Farmacia Hipermaxi,HIPERMAXI S.A
365072,3 - Cochabamba,Farmacia Hipermaxi,FARMACIA HIPERMAXI MELCHOR PEREZ
171263,1 - La Paz,Micromarket Ecofast,MICROMARKET ECOFAST TELEFERICO CELESTE
365145,3 - Cochabamba,Farmacia Hipermaxi,FARMACIA HIPERMAXI TADEO HAENKE
171325,1 - La Paz,Farmacia Hipermaxi,FARMACIA HIPERMAXI IRPAVI MEGACENTER
284297,2 - Santa Cruz,DELICOR,DELICOR ALEMANA
167399,1 - La Paz,Farmacia Virgen de Copacabana,FARMACIA VIRGEN DE COPACABANA ALEJANDRINA
167400,1 - La Paz,Farmacia Virgen de Copacabana,FARMACIA VIRGEN DE COPACABANA ASBUN
167401,1 - La Paz,Farmacia Virgen de Copacabana,FARMACIA VIRGEN DE COPACABANA CENTRAL
167402,1 - La Paz,Farmacia Virgen de Copacabana,FARMACIA VIRGEN DE COPACABANA GENESIS
167403,1 - La Paz,Farmacia Virgen de Copacabana,FARMACIA VIRGEN DE COPACABANA SALVADOR DE SANTA ROZA
171465,1 - La Paz,Farmacia Virgen de Copacabana,FARMACIA VIRGEN DE COPACABANA SAN MIGUEL
171466,1 - La Paz,Farmacia Virgen de Copacabana,FARMACIA VIRGEN DE COPACABANA SOPOCACHI
142861,1 - La Paz,MISUPER,MISUPER SRL
171806,1 - La Paz,LEGENS SPORT BAR GRILL,LEGENS SPORT BAR GRILL
171827,1 - La Paz,HOTEL RENNOVA,HOTEL RENNOVA
171824,1 - La Paz,Farmacia Hipermaxi,FARMACIA HIPERMAXI MONTENEGRO
171855,1 - La Paz,FARMAELIAS,FARMAELIAS ACHUMANI
171922,1 - La Paz,Miagencia,MIAGENCIA
2006052,2 - Santa Cruz,Tienda Amiga,TIENDA AMIGA ER S.A. SANTOS DUMONT
366370,3 - Cochabamba,Tienda Amiga,TIENDA AMIGA ER S.A. AV.AYACUCHO
172198,1 - La Paz,Makro-Abasto,JACHA MACROCENTER SRL
223998,2 - Santa Cruz,Farmacia Hipermaxi,FARMACIA HIPERMAXI SANTOS DUMO
173009,1 - La Paz,Farmacia Te Cuidamos,FARMACIA TE CUIDAMOS
173158,1 - La Paz,Minimarket Hope,MINIMARKET HOPE
357624,3 - Cochabamba,FARMAELIAS,FARMAELIAS TERMINAL SACABA
2006020,2 - Santa Cruz,Fidalga-Rosario,FIDASUR VISTA VERDE
359386,3 - Cochabamba,Hogar de Sabiduría,HOGAR DE SABIDURIA
283005,2 - Santa Cruz,J. SERVICE FOOD,J. SERVICE FOOD S.R.L.
173418,1 - La Paz,Farmacia Hipermaxi,FARMACIAS HIPERMAXI MALL 21
173461,1 - La Paz,Hipermaxi,HIPERMAXI HOGAR PLAZA 21
369147,3 - Cochabamba,FARMAELIAS,FARMAELIAS S.R.L.
369656,3 - Cochabamba,FARMAELIAS,FARMAELIAS SUC. VIEDMAN
173960,1 - La Paz,Farmacia Hipermaxi,FARMACIAS HIPERMAXI PINILLA
144486,1 - La Paz,Farmacia Fray Vicente Bernedo,FARMACIA FRAY VICENTE BERNEDO
173881,1 - La Paz,Nuba,EXPANDIA SOLUTIONS SRL
174012,1 - La Paz,Nuba,ANDYS NUBA SAN MIGUEL
370023,3 - Cochabamba,Nuba,NUBA SRL. AV AMERICA
370024,3 - Cochabamba,Nuba,NUBA SRL. AV SAN MARTIN
2010714,2 - Santa Cruz,Nuba,NUBA
2009540,2 - Santa Cruz,SOFIA AL PASO,SOFIA AL PASO BENI
2010716,2 - Santa Cruz,SOFIA AL PASO,SOFIA AL PASO BENI
174046,1 - La Paz,FARMAELIAS,FARMAELIAS BUSH
174063,1 - La Paz,FARMAELIAS,FARMAELIAS S.R.L
2010567,2 - Santa Cruz,Fidalga-Rosario,FIDASUR S.R.L. VISTA VERDE
2010685,2 - Santa Cruz,Fidalga-Rosario,FIDASUR S.R.L. SEVILLA TERRAZAS I
